{"stats":{"minecraft:broken":{"minecraft:stone_pickaxe":2,"minecraft:stone_axe":1,"minecraft:iron_pickaxe":1},"minecraft:killed_by":{"minecraft:skeleton":1},"minecraft:dropped":{"simplyswords:iron_greataxe":1,"simplyswords:iron_twinblade":1,"minecraft:crafting_table":1,"minecraft:feather":2,"minecraft:dirt":1,"minecraft:torch":1,"minecraft:wooden_pickaxe":1},"minecraft:used":{"minecraft:stone_pickaxe":270,"minecraft:stone_shovel":18,"minecraft:baked_potato":2,"minecraft:wooden_pickaxe":17,"minecraft:chest":2,"minecraft:birch_boat":1,"minecraft:shield":14,"minecraft:torch":63,"minecraft:dirt":22,"minecraft:crafting_table":8,"minecraft:cobblestone_wall":16,"simplyswords:iron_greataxe":17,"simplyswords:iron_twinblade":124,"minecraft:bread":1,"minecraft:birch_sapling":7,"minecraft:iron_pickaxe":250,"minecraft:stone_axe":17,"minecraft:cobblestone":158,"rechiseled:cobblestone_pulverized":145,"minecraft:furnace":8,"alexsmobs:animal_dictionary":2,"minecraft:cooked_beef":11,"minecraft:light_gray_bed":1},"minecraft:custom":{"minecraft:interact_with_furnace":42,"minecraft:mob_kills":49,"minecraft:inspect_hopper":1,"minecraft:interact_with_crafting_table":29,"minecraft:open_barrel":1,"minecraft:leave_game":3,"minecraft:time_since_death":305,"minecraft:sleep_in_bed":4,"minecraft:time_since_rest":136,"minecraft:sprint_one_cm":234425,"minecraft:damage_taken":1626,"minecraft:walk_one_cm":251068,"minecraft:damage_blocked_by_shield":205,"minecraft:drop":7,"minecraft:damage_dealt":6832,"minecraft:swim_one_cm":8039,"minecraft:fly_one_cm":254297,"minecraft:open_chest":30,"minecraft:play_time":90410,"minecraft:crouch_one_cm":2581,"minecraft:deaths":3,"minecraft:sneak_time":1084,"minecraft:walk_under_water_one_cm":2681,"minecraft:jump":1327,"minecraft:walk_on_water_one_cm":12065,"minecraft:total_world_time":90410,"minecraft:fall_one_cm":40359},"minecraft:picked_up":{"minecraft:birch_log":48,"minecraft:crafting_table":7,"minecraft:feather":4,"minecraft:cooked_beef":4,"minecraft:chicken":9,"minecraft:andesite":16,"minecraft:leather":15,"minecraft:wooden_pickaxe":1,"minecraft:birch_planks":12,"alexsmobs:bison_fur":1,"minecraft:oak_log":103,"minecraft:cobblestone_wall":1,"minecraft:dirt":46,"minecraft:string":2,"minecraft:bone":2,"minecraft:apple":7,"minecraft:wheat_seeds":1,"minecraft:iron_ingot":2,"minecraft:beef":38,"minecraft:stone_pickaxe":1,"minecraft:light_gray_wool":2,"minecraft:birch_sapling":18,"minecraft:furnace":6,"minecraft:egg":2,"minecraft:raw_iron":35,"minecraft:stick":55,"minecraft:birch_boat":2,"simplyswords:iron_greataxe":1,"minecraft:torch":1,"minecraft:gravel":1,"minecraft:diorite":3,"minecraft:lily_of_the_valley":6,"alexsmobs:animal_dictionary":2,"simplyswords:iron_twinblade":2,"minecraft:arrow":1,"minecraft:rotten_flesh":19,"minecraft:granite":1,"minecraft:saddle":1,"minecraft:oak_sapling":53,"minecraft:black_wool":1,"minecraft:mutton":6,"minecraft:coal":156,"minecraft:white_wool":2,"minecraft:cobblestone":397,"rechiseled:cobblestone_pulverized":3,"minecraft:oxeye_daisy":1},"minecraft:crafted":{"minecraft:cooked_beef":18,"minecraft:oak_planks":8,"minecraft:stone_shovel":1,"minecraft:crafting_table":3,"minecraft:iron_nugget":9,"simplyswords:iron_twinblade":1,"minecraft:iron_helmet":1,"minecraft:birch_boat":1,"minecraft:wooden_pickaxe":2,"minecraft:furnace":3,"minecraft:light_gray_wool":1,"minecraft:birch_planks":56,"minecraft:stone_axe":1,"minecraft:air":0,"simplyswords:iron_greataxe":1,"rechiseled:chisel":1,"minecraft:light_gray_bed":1,"minecraft:iron_boots":1,"minecraft:iron_chestplate":1,"minecraft:shield":1,"minecraft:stick":24,"minecraft:iron_ingot":35,"minecraft:iron_pickaxe":1,"minecraft:stone_pickaxe":3,"minecraft:cobblestone_wall":30,"minecraft:chest":2,"minecraft:iron_leggings":1,"minecraft:light_gray_dye":1,"minecraft:torch":64},"minecraft:mined":{"minecraft:oak_sapling":2,"minecraft:lily_of_the_valley":6,"minecraft:crafting_table":6,"minecraft:granite":1,"minecraft:grass_block":12,"diagonalwalls:minecraft/cobblestone_wall":1,"minecraft:tall_grass":2,"minecraft:cobblestone":7,"minecraft:oxeye_daisy":1,"minecraft:diorite":2,"minecraft:spawner":1,"minecraft:furnace":5,"minecraft:birch_log":41,"minecraft:iron_ore":35,"minecraft:birch_leaves":3,"minecraft:andesite":8,"rechiseled:cobblestone_pulverized":3,"minecraft:grass":13,"minecraft:coal_ore":84,"minecraft:oak_log":104,"minecraft:gravel":1,"minecraft:dirt":31,"minecraft:cobweb":2,"minecraft:stone":363,"minecraft:oak_leaves":5},"minecraft:killed":{"minecraft:sheep":5,"minecraft:skeleton":3,"minecraft:zombie":16,"minecraft:chicken":9,"alexsmobs:bison":2,"minecraft:cow":14}},"DataVersion":3465}