{"stats":{"minecraft:broken":{"minecraft:stone_pickaxe":2,"minecraft:stone_axe":1,"minecraft:iron_pickaxe":1},"minecraft:killed_by":{"minecraft:skeleton":1},"minecraft:dropped":{"simplyswords:iron_greataxe":1,"minecraft:crafting_table":1,"minecraft:feather":2,"minecraft:dirt":1,"minecraft:torch":1,"simplyswords:iron_twinblade":1,"minecraft:wooden_pickaxe":1,"minecraft:stone_pickaxe":1},"minecraft:used":{"minecraft:stone_shovel":18,"minecraft:chest":2,"minecraft:shield":18,"simplyswords:diamond_twinblade":15,"minecraft:torch":92,"minecraft:dirt":23,"minecraft:cobblestone_wall":16,"minecraft:birch_sapling":7,"minecraft:furnace":8,"minecraft:egg":1,"minecraft:cooked_beef":18,"minecraft:cobbled_deepslate":50,"minecraft:light_gray_bed":1,"minecraft:diorite":6,"minecraft:stone_pickaxe":381,"minecraft:polished_andesite":14,"minecraft:baked_potato":2,"minecraft:birch_boat":1,"minecraft:wooden_pickaxe":24,"minecraft:crafting_table":8,"simplyswords:iron_greataxe":27,"simplyswords:iron_twinblade":124,"minecraft:bread":1,"minecraft:iron_pickaxe":405,"minecraft:stone_axe":17,"minecraft:cobblestone":237,"rechiseled:cobblestone_pulverized":150,"alexsmobs:animal_dictionary":2,"minecraft:experience_bottle":2},"minecraft:custom":{"minecraft:mob_kills":58,"minecraft:inspect_hopper":1,"minecraft:interact_with_crafting_table":33,"minecraft:open_barrel":2,"minecraft:leave_game":4,"minecraft:time_since_death":34887,"minecraft:climb_one_cm":1885,"minecraft:sprint_one_cm":336623,"minecraft:walk_one_cm":297357,"minecraft:damage_blocked_by_shield":435,"minecraft:drop":8,"minecraft:play_time":124992,"minecraft:deaths":3,"minecraft:sneak_time":4683,"minecraft:walk_under_water_one_cm":4764,"minecraft:jump":2072,"minecraft:walk_on_water_one_cm":19690,"minecraft:total_world_time":124992,"minecraft:interact_with_furnace":49,"minecraft:sleep_in_bed":6,"minecraft:time_since_rest":1542,"minecraft:damage_taken":1990,"minecraft:damage_dealt":8332,"minecraft:swim_one_cm":8945,"minecraft:fly_one_cm":368149,"minecraft:open_chest":36,"minecraft:crouch_one_cm":10762,"minecraft:fall_one_cm":58309},"minecraft:crafted":{"minecraft:oak_planks":12,"minecraft:stone_shovel":1,"simplyswords:iron_twinblade":1,"minecraft:iron_nugget":9,"minecraft:birch_boat":1,"minecraft:furnace":3,"minecraft:light_gray_wool":1,"simplyswords:diamond_twinblade":1,"simplyswords:iron_greataxe":1,"minecraft:iron_boots":1,"minecraft:stone_pickaxe":4,"minecraft:cobblestone_wall":30,"minecraft:chest":2,"minecraft:cooked_beef":41,"minecraft:crafting_table":3,"minecraft:wooden_pickaxe":3,"minecraft:iron_helmet":1,"minecraft:birch_planks":56,"minecraft:stone_axe":1,"minecraft:air":0,"rechiseled:chisel":1,"minecraft:light_gray_bed":1,"minecraft:iron_chestplate":1,"minecraft:shield":1,"minecraft:stick":32,"minecraft:iron_ingot":35,"minecraft:iron_pickaxe":1,"minecraft:iron_leggings":1,"minecraft:light_gray_dye":1,"minecraft:torch":64},"minecraft:picked_up":{"minecraft:crafting_table":7,"minecraft:iron_chestplate":2,"minecraft:chicken":9,"minecraft:wooden_pickaxe":2,"minecraft:enchanted_book":3,"minecraft:shield":1,"minecraft:string":2,"minecraft:iron_leggings":1,"minecraft:experience_bottle":2,"minecraft:cobbled_deepslate":50,"minecraft:beef":38,"minecraft:light_gray_wool":2,"minecraft:birch_sapling":18,"minecraft:egg":3,"minecraft:iron_boots":1,"minecraft:furnace":6,"minecraft:stick":56,"minecraft:raw_iron":99,"minecraft:torch":1,"minecraft:diorite":9,"minecraft:arrow":3,"minecraft:rotten_flesh":22,"minecraft:saddle":2,"minecraft:mutton":6,"rechiseled:cobblestone_pulverized":8,"minecraft:white_wool":2,"minecraft:cobblestone":491,"minecraft:oxeye_daisy":1,"minecraft:birch_log":48,"minecraft:feather":4,"minecraft:cooked_beef":15,"minecraft:andesite":16,"minecraft:leather":15,"alexsmobs:bison_fur":1,"minecraft:birch_planks":12,"create:raw_zinc":12,"minecraft:oak_log":104,"minecraft:cobblestone_wall":16,"minecraft:dirt":47,"minecraft:name_tag":1,"minecraft:bone":6,"minecraft:apple":7,"minecraft:wheat_seeds":1,"minecraft:raw_gold":3,"minecraft:stone_pickaxe":3,"minecraft:iron_ingot":2,"rechiseled:chisel":1,"minecraft:birch_boat":2,"simplyswords:iron_greataxe":2,"minecraft:gravel":1,"minecraft:lily_of_the_valley":6,"alexsmobs:animal_dictionary":2,"simplyswords:iron_twinblade":2,"minecraft:polished_andesite":14,"minecraft:diamond_shovel":1,"minecraft:granite":1,"minecraft:oak_sapling":53,"minecraft:black_wool":1,"minecraft:coal":222},"minecraft:mined":{"create:zinc_ore":12,"minecraft:oak_sapling":2,"minecraft:mossy_cobblestone":2,"minecraft:granite":1,"minecraft:grass_block":13,"diagonalwalls:minecraft/cobblestone_wall":1,"minecraft:spruce_leaves":3,"minecraft:oxeye_daisy":1,"minecraft:spawner":1,"minecraft:furnace":5,"minecraft:iron_ore":91,"minecraft:cobbled_deepslate":1,"minecraft:andesite":8,"rechiseled:cobblestone_pulverized":3,"minecraft:deepslate_iron_ore":8,"minecraft:vine":1,"minecraft:stone":454,"minecraft:lily_of_the_valley":6,"minecraft:crafting_table":6,"minecraft:tall_grass":2,"minecraft:cobblestone":19,"minecraft:diorite":8,"minecraft:birch_log":41,"minecraft:birch_leaves":3,"minecraft:grass":13,"minecraft:oak_log":105,"minecraft:coal_ore":102,"minecraft:gravel":1,"minecraft:dirt":31,"minecraft:cobweb":2,"minecraft:polished_andesite":15,"minecraft:gold_ore":3,"minecraft:oak_leaves":7,"minecraft:deepslate":49},"minecraft:killed":{"minecraft:spider":1,"minecraft:skeleton":6,"minecraft:chicken":9,"alexsmobs:bison":2,"minecraft:sheep":5,"minecraft:zombie":20,"minecraft:cow":14}},"DataVersion":3465}