{"stats":{"minecraft:broken":{"minecraft:stone_pickaxe":2,"minecraft:stone_axe":1,"minecraft:iron_pickaxe":1},"minecraft:killed_by":{"minecraft:skeleton":1},"minecraft:dropped":{"simplyswords:iron_greataxe":1,"simplyswords:iron_twinblade":1,"minecraft:crafting_table":1,"minecraft:feather":2,"minecraft:dirt":1,"minecraft:torch":1,"minecraft:stone_pickaxe":1,"minecraft:wooden_pickaxe":1},"minecraft:used":{"minecraft:diorite":3,"minecraft:polished_andesite":14,"minecraft:stone_pickaxe":381,"minecraft:stone_shovel":18,"minecraft:baked_potato":2,"minecraft:wooden_pickaxe":24,"minecraft:chest":2,"minecraft:birch_boat":1,"minecraft:shield":14,"minecraft:torch":67,"minecraft:dirt":23,"minecraft:crafting_table":8,"minecraft:cobblestone_wall":16,"simplyswords:iron_greataxe":27,"simplyswords:iron_twinblade":124,"minecraft:bread":1,"minecraft:birch_sapling":7,"minecraft:iron_pickaxe":250,"minecraft:stone_axe":17,"minecraft:cobblestone":206,"rechiseled:cobblestone_pulverized":150,"minecraft:furnace":8,"minecraft:egg":1,"alexsmobs:animal_dictionary":2,"minecraft:cobbled_deepslate":50,"minecraft:cooked_beef":16,"minecraft:light_gray_bed":1},"minecraft:custom":{"minecraft:interact_with_furnace":46,"minecraft:mob_kills":52,"minecraft:inspect_hopper":1,"minecraft:interact_with_crafting_table":32,"minecraft:open_barrel":2,"minecraft:leave_game":4,"minecraft:time_since_death":22887,"minecraft:sleep_in_bed":5,"minecraft:climb_one_cm":1240,"minecraft:time_since_rest":10700,"minecraft:sprint_one_cm":293591,"minecraft:damage_taken":1902,"minecraft:walk_one_cm":272476,"minecraft:damage_blocked_by_shield":205,"minecraft:drop":8,"minecraft:damage_dealt":7373,"minecraft:swim_one_cm":8945,"minecraft:fly_one_cm":301488,"minecraft:play_time":112992,"minecraft:open_chest":33,"minecraft:crouch_one_cm":6931,"minecraft:deaths":3,"minecraft:sneak_time":3176,"minecraft:walk_under_water_one_cm":3327,"minecraft:jump":1717,"minecraft:walk_on_water_one_cm":18665,"minecraft:total_world_time":112992,"minecraft:fall_one_cm":49227},"minecraft:picked_up":{"minecraft:birch_log":48,"minecraft:iron_chestplate":2,"minecraft:crafting_table":7,"minecraft:feather":4,"minecraft:cooked_beef":15,"minecraft:chicken":9,"minecraft:andesite":16,"minecraft:leather":15,"minecraft:wooden_pickaxe":2,"minecraft:birch_planks":12,"alexsmobs:bison_fur":1,"minecraft:enchanted_book":3,"minecraft:oak_log":104,"minecraft:shield":1,"minecraft:cobblestone_wall":16,"minecraft:string":2,"minecraft:dirt":47,"minecraft:name_tag":1,"minecraft:iron_leggings":1,"minecraft:bone":4,"minecraft:experience_bottle":2,"minecraft:apple":7,"minecraft:wheat_seeds":1,"minecraft:cobbled_deepslate":50,"minecraft:iron_ingot":2,"minecraft:beef":38,"minecraft:stone_pickaxe":3,"rechiseled:chisel":1,"minecraft:light_gray_wool":2,"minecraft:birch_sapling":18,"minecraft:furnace":6,"minecraft:iron_boots":1,"minecraft:egg":3,"minecraft:stick":55,"minecraft:raw_iron":35,"minecraft:birch_boat":2,"simplyswords:iron_greataxe":2,"minecraft:torch":1,"minecraft:gravel":1,"minecraft:diorite":6,"minecraft:lily_of_the_valley":6,"minecraft:polished_andesite":14,"alexsmobs:animal_dictionary":2,"simplyswords:iron_twinblade":2,"minecraft:diamond_shovel":1,"minecraft:arrow":3,"minecraft:rotten_flesh":19,"minecraft:granite":1,"minecraft:saddle":2,"minecraft:oak_sapling":53,"minecraft:black_wool":1,"minecraft:mutton":6,"minecraft:coal":204,"minecraft:cobblestone":447,"minecraft:white_wool":2,"rechiseled:cobblestone_pulverized":8,"minecraft:oxeye_daisy":1},"minecraft:crafted":{"minecraft:cooked_beef":41,"minecraft:oak_planks":12,"minecraft:stone_shovel":1,"minecraft:crafting_table":3,"minecraft:iron_nugget":9,"simplyswords:iron_twinblade":1,"minecraft:iron_helmet":1,"minecraft:wooden_pickaxe":3,"minecraft:birch_boat":1,"minecraft:furnace":3,"minecraft:light_gray_wool":1,"minecraft:birch_planks":56,"minecraft:stone_axe":1,"minecraft:air":0,"simplyswords:iron_greataxe":1,"rechiseled:chisel":1,"minecraft:light_gray_bed":1,"minecraft:iron_boots":1,"minecraft:iron_chestplate":1,"minecraft:shield":1,"minecraft:stick":32,"minecraft:iron_ingot":35,"minecraft:iron_pickaxe":1,"minecraft:stone_pickaxe":4,"minecraft:cobblestone_wall":30,"minecraft:chest":2,"minecraft:iron_leggings":1,"minecraft:light_gray_dye":1,"minecraft:torch":64},"minecraft:mined":{"minecraft:oak_sapling":2,"minecraft:mossy_cobblestone":2,"minecraft:lily_of_the_valley":6,"minecraft:crafting_table":6,"minecraft:granite":1,"minecraft:grass_block":13,"diagonalwalls:minecraft/cobblestone_wall":1,"minecraft:tall_grass":2,"minecraft:cobblestone":19,"minecraft:spruce_leaves":3,"minecraft:oxeye_daisy":1,"minecraft:diorite":5,"minecraft:spawner":1,"minecraft:furnace":5,"minecraft:cobbled_deepslate":1,"minecraft:birch_log":41,"minecraft:iron_ore":35,"minecraft:birch_leaves":3,"minecraft:andesite":8,"rechiseled:cobblestone_pulverized":3,"minecraft:grass":13,"minecraft:coal_ore":84,"minecraft:oak_log":105,"minecraft:vine":1,"minecraft:gravel":1,"minecraft:dirt":31,"minecraft:cobweb":2,"minecraft:polished_andesite":15,"minecraft:stone":399,"minecraft:deepslate":49,"minecraft:oak_leaves":5},"minecraft:killed":{"minecraft:spider":1,"minecraft:sheep":5,"minecraft:skeleton":4,"minecraft:zombie":17,"minecraft:chicken":9,"alexsmobs:bison":2,"minecraft:cow":14}},"DataVersion":3465}