{"stats":{"minecraft:killed_by":{"minecraft:skeleton":1},"minecraft:dropped":{"simplyswords:iron_greataxe":1,"simplyswords:iron_twinblade":1,"minecraft:crafting_table":1,"minecraft:feather":2,"minecraft:dirt":1,"minecraft:torch":1,"minecraft:wooden_pickaxe":1},"minecraft:broken":{"minecraft:stone_axe":1,"minecraft:iron_pickaxe":1},"minecraft:crafted":{"minecraft:cooked_beef":18,"minecraft:stone_shovel":1,"minecraft:crafting_table":3,"minecraft:iron_nugget":9,"simplyswords:iron_twinblade":1,"minecraft:birch_boat":1,"minecraft:wooden_pickaxe":1,"minecraft:iron_helmet":1,"minecraft:furnace":3,"minecraft:light_gray_wool":1,"minecraft:birch_planks":56,"minecraft:stone_axe":1,"minecraft:air":0,"simplyswords:iron_greataxe":1,"rechiseled:chisel":1,"minecraft:light_gray_bed":1,"minecraft:iron_boots":1,"minecraft:iron_chestplate":1,"minecraft:shield":1,"minecraft:stick":20,"minecraft:iron_ingot":35,"minecraft:iron_pickaxe":1,"minecraft:stone_pickaxe":1,"minecraft:cobblestone_wall":30,"minecraft:chest":2,"minecraft:iron_leggings":1,"minecraft:light_gray_dye":1,"minecraft:torch":64},"minecraft:custom":{"minecraft:interact_with_furnace":42,"minecraft:mob_kills":36,"minecraft:inspect_hopper":1,"minecraft:interact_with_crafting_table":25,"minecraft:open_barrel":1,"minecraft:leave_game":3,"minecraft:time_since_death":55109,"minecraft:sleep_in_bed":2,"minecraft:time_since_rest":8542,"minecraft:sprint_one_cm":186246,"minecraft:damage_taken":872,"minecraft:walk_one_cm":212277,"minecraft:damage_blocked_by_shield":205,"minecraft:drop":7,"minecraft:damage_dealt":4427,"minecraft:swim_one_cm":6882,"minecraft:fly_one_cm":209349,"minecraft:open_chest":16,"minecraft:crouch_one_cm":2187,"minecraft:play_time":72858,"minecraft:deaths":1,"minecraft:sneak_time":1005,"minecraft:walk_under_water_one_cm":2602,"minecraft:jump":1100,"minecraft:walk_on_water_one_cm":10346,"minecraft:total_world_time":72858,"minecraft:fall_one_cm":25824},"minecraft:picked_up":{"minecraft:birch_log":48,"minecraft:crafting_table":7,"minecraft:feather":4,"minecraft:cooked_beef":4,"minecraft:chicken":9,"minecraft:andesite":16,"minecraft:leather":15,"minecraft:wooden_pickaxe":1,"alexsmobs:bison_fur":1,"minecraft:birch_planks":12,"minecraft:oak_log":103,"minecraft:dirt":46,"minecraft:string":2,"minecraft:bone":2,"minecraft:apple":7,"minecraft:wheat_seeds":1,"minecraft:iron_ingot":2,"minecraft:stone_pickaxe":1,"minecraft:beef":38,"minecraft:light_gray_wool":2,"minecraft:birch_sapling":18,"minecraft:furnace":6,"minecraft:egg":2,"minecraft:raw_iron":35,"minecraft:stick":55,"minecraft:birch_boat":2,"simplyswords:iron_greataxe":1,"minecraft:torch":1,"minecraft:gravel":1,"minecraft:diorite":3,"minecraft:lily_of_the_valley":6,"alexsmobs:animal_dictionary":1,"simplyswords:iron_twinblade":2,"minecraft:arrow":1,"minecraft:rotten_flesh":1,"minecraft:granite":1,"minecraft:oak_sapling":53,"minecraft:black_wool":1,"minecraft:mutton":6,"minecraft:coal":60,"minecraft:white_wool":2,"minecraft:cobblestone":305,"rechiseled:cobblestone_pulverized":1,"minecraft:oxeye_daisy":1},"minecraft:mined":{"minecraft:oak_sapling":2,"minecraft:lily_of_the_valley":6,"minecraft:crafting_table":6,"minecraft:granite":1,"minecraft:grass_block":12,"minecraft:tall_grass":2,"minecraft:cobblestone":2,"minecraft:oxeye_daisy":1,"minecraft:diorite":2,"minecraft:furnace":5,"minecraft:birch_log":41,"minecraft:iron_ore":35,"minecraft:andesite":8,"minecraft:birch_leaves":3,"rechiseled:cobblestone_pulverized":1,"minecraft:grass":13,"minecraft:oak_log":104,"minecraft:coal_ore":36,"minecraft:gravel":1,"minecraft:dirt":31,"minecraft:cobweb":2,"minecraft:stone":275,"minecraft:oak_leaves":5},"minecraft:killed":{"minecraft:sheep":5,"minecraft:skeleton":3,"minecraft:zombie":3,"minecraft:chicken":9,"alexsmobs:bison":2,"minecraft:cow":14},"minecraft:used":{"minecraft:stone_shovel":18,"minecraft:stone_pickaxe":128,"minecraft:baked_potato":2,"minecraft:wooden_pickaxe":13,"minecraft:chest":2,"minecraft:birch_boat":1,"minecraft:shield":14,"minecraft:torch":63,"minecraft:dirt":22,"minecraft:crafting_table":8,"minecraft:cobblestone_wall":10,"simplyswords:iron_greataxe":12,"simplyswords:iron_twinblade":78,"minecraft:bread":1,"minecraft:birch_sapling":7,"minecraft:iron_pickaxe":250,"minecraft:stone_axe":17,"minecraft:cobblestone":117,"rechiseled:cobblestone_pulverized":106,"minecraft:furnace":8,"alexsmobs:animal_dictionary":2,"minecraft:cooked_beef":9,"minecraft:light_gray_bed":1}},"DataVersion":3465}