{"stats":{"minecraft:killed_by":{"minecraft:skeleton":1},"minecraft:dropped":{"simplyswords:iron_greataxe":1,"simplyswords:iron_twinblade":1,"minecraft:crafting_table":1,"minecraft:feather":2,"minecraft:dirt":1,"minecraft:torch":1,"minecraft:wooden_pickaxe":1},"minecraft:broken":{"minecraft:iron_pickaxe":1},"minecraft:crafted":{"minecraft:cooked_beef":18,"minecraft:stone_shovel":1,"minecraft:crafting_table":3,"minecraft:iron_nugget":9,"simplyswords:iron_twinblade":1,"minecraft:birch_boat":1,"minecraft:wooden_pickaxe":1,"minecraft:iron_helmet":1,"minecraft:furnace":3,"minecraft:light_gray_wool":1,"minecraft:birch_planks":56,"minecraft:stone_axe":1,"minecraft:air":0,"simplyswords:iron_greataxe":1,"rechiseled:chisel":1,"minecraft:light_gray_bed":1,"minecraft:iron_boots":1,"minecraft:iron_chestplate":1,"minecraft:shield":1,"minecraft:stick":20,"minecraft:iron_ingot":35,"minecraft:iron_pickaxe":1,"minecraft:stone_pickaxe":1,"minecraft:cobblestone_wall":30,"minecraft:chest":2,"minecraft:iron_leggings":1,"minecraft:light_gray_dye":1,"minecraft:torch":24},"minecraft:custom":{"minecraft:interact_with_furnace":38,"minecraft:mob_kills":34,"minecraft:inspect_hopper":1,"minecraft:interact_with_crafting_table":24,"minecraft:open_barrel":1,"minecraft:leave_game":3,"minecraft:time_since_death":43109,"minecraft:sleep_in_bed":1,"minecraft:time_since_rest":11805,"minecraft:sprint_one_cm":142741,"minecraft:damage_taken":745,"minecraft:walk_one_cm":165408,"minecraft:damage_blocked_by_shield":155,"minecraft:drop":7,"minecraft:damage_dealt":3707,"minecraft:swim_one_cm":1701,"minecraft:fly_one_cm":155353,"minecraft:open_chest":11,"minecraft:crouch_one_cm":1960,"minecraft:play_time":60858,"minecraft:deaths":1,"minecraft:sneak_time":899,"minecraft:walk_under_water_one_cm":973,"minecraft:jump":913,"minecraft:walk_on_water_one_cm":6916,"minecraft:total_world_time":60858,"minecraft:fall_one_cm":22896},"minecraft:picked_up":{"minecraft:birch_log":21,"minecraft:crafting_table":7,"minecraft:feather":4,"minecraft:cooked_beef":4,"minecraft:chicken":9,"minecraft:andesite":16,"minecraft:leather":15,"minecraft:wooden_pickaxe":1,"minecraft:birch_planks":12,"minecraft:oak_log":43,"minecraft:dirt":46,"minecraft:string":2,"minecraft:bone":2,"minecraft:apple":2,"minecraft:wheat_seeds":1,"minecraft:iron_ingot":2,"minecraft:stone_pickaxe":1,"minecraft:beef":22,"minecraft:light_gray_wool":2,"minecraft:birch_sapling":7,"minecraft:furnace":6,"minecraft:egg":1,"minecraft:raw_iron":35,"minecraft:stick":20,"minecraft:birch_boat":2,"simplyswords:iron_greataxe":1,"minecraft:torch":1,"minecraft:gravel":1,"minecraft:diorite":3,"alexsmobs:animal_dictionary":1,"simplyswords:iron_twinblade":2,"minecraft:arrow":1,"minecraft:rotten_flesh":1,"minecraft:granite":1,"minecraft:oak_sapling":23,"minecraft:black_wool":1,"minecraft:mutton":6,"minecraft:coal":60,"minecraft:white_wool":2,"minecraft:cobblestone":305,"rechiseled:cobblestone_pulverized":1,"minecraft:oxeye_daisy":1},"minecraft:mined":{"minecraft:oak_sapling":1,"minecraft:crafting_table":6,"minecraft:granite":1,"minecraft:grass_block":12,"minecraft:tall_grass":2,"minecraft:cobblestone":2,"minecraft:oxeye_daisy":1,"minecraft:diorite":2,"minecraft:furnace":5,"minecraft:birch_log":14,"minecraft:iron_ore":35,"minecraft:andesite":8,"minecraft:birch_leaves":3,"rechiseled:cobblestone_pulverized":1,"minecraft:grass":11,"minecraft:oak_log":43,"minecraft:coal_ore":36,"minecraft:gravel":1,"minecraft:dirt":31,"minecraft:cobweb":2,"minecraft:stone":275,"minecraft:oak_leaves":3},"minecraft:killed":{"minecraft:sheep":5,"minecraft:skeleton":3,"minecraft:zombie":3,"minecraft:chicken":9,"minecraft:cow":14},"minecraft:used":{"minecraft:stone_shovel":18,"minecraft:stone_pickaxe":128,"minecraft:baked_potato":2,"minecraft:wooden_pickaxe":13,"minecraft:chest":2,"minecraft:birch_boat":1,"minecraft:shield":8,"minecraft:torch":23,"minecraft:dirt":22,"minecraft:crafting_table":8,"minecraft:cobblestone_wall":10,"simplyswords:iron_greataxe":12,"simplyswords:iron_twinblade":63,"minecraft:bread":1,"minecraft:birch_sapling":7,"minecraft:iron_pickaxe":250,"minecraft:stone_axe":10,"minecraft:cobblestone":64,"rechiseled:cobblestone_pulverized":56,"minecraft:furnace":8,"alexsmobs:animal_dictionary":2,"minecraft:cooked_beef":7,"minecraft:light_gray_bed":1}},"DataVersion":3465}